-------------------------------------------------------------------------
-- Auteur    : S838981
-- Date      : 28/11/2022
-- Base      : Sql Server - mchn
-- Version	 : 1.0.0
-- Projet	 : OSE BDM
-- Objet     : Insertion données pour le parc
------------------------------------------------------------------------- 
USE [mchn]

DELETE FROM [sch_mchn].[T_MACHINE_SPECIFICATION] WHERE [PRODUCT] like 'PARK';

INSERT INTO [sch_mchn].[T_MACHINE_SPECIFICATION]([CODE],[NAME],[LABEL],[SCORE],[IS_OUT_OF_MACHINE_INSURANCE],[IS_DELEGATED],[IS_UNREFERENCED],[IS_EXCLUDED],[START_DATETIME_SUBSCRIPTION_PERIOD],[END_DATETIME_SUBSCRIPTION_PERIOD],[MACHINE_RATE],[ALL_PLACE_CORVERED],[PRODUCT],[IS_TRANSPORTABLE],[DEDUCTIBLE_MIN_VALUE],[DEDUCTIBLE_MIN_INCLUDE],[DEDUCTIBLE_MAX_VALUE],[DEDUCTIBLE_MAX_INCLUDE],[DEDUCTIBLE_UNIT],[FINANCIAL_VALUATION_DELEGATED_MAX],[EXTENDED_FLEET_COVERAGE_ALLOWED_PERCENTAGE], [IS_FIRE_COVERAGE_MANDATORY]) VALUES ('02099','Bâtiment Travaux Publics','BTP','456',0,1,0,0,'2023/01/01',null,12.8,'INCLUDED','PARK',1,500,1,4000,1,'EUR',800000,20,1);
INSERT INTO [sch_mchn].[T_MACHINE_SPECIFICATION]([CODE],[NAME],[LABEL],[SCORE],[IS_OUT_OF_MACHINE_INSURANCE],[IS_DELEGATED],[IS_UNREFERENCED],[IS_EXCLUDED],[START_DATETIME_SUBSCRIPTION_PERIOD],[END_DATETIME_SUBSCRIPTION_PERIOD],[MACHINE_RATE],[ALL_PLACE_CORVERED],[PRODUCT],[IS_TRANSPORTABLE],[DEDUCTIBLE_MIN_VALUE],[DEDUCTIBLE_MIN_INCLUDE],[DEDUCTIBLE_MAX_VALUE],[DEDUCTIBLE_MAX_INCLUDE],[DEDUCTIBLE_UNIT],[FINANCIAL_VALUATION_DELEGATED_MAX],[EXTENDED_FLEET_COVERAGE_ALLOWED_PERCENTAGE], [IS_FIRE_COVERAGE_MANDATORY]) VALUES ('24099','Energie','Energie','8',0,1,0,0,'2023/01/01',null,9.5,'INCLUDED','PARK',1,500,1,4000,1,'EUR',800000,20,0);
INSERT INTO [sch_mchn].[T_MACHINE_SPECIFICATION]([CODE],[NAME],[LABEL],[SCORE],[IS_OUT_OF_MACHINE_INSURANCE],[IS_DELEGATED],[IS_UNREFERENCED],[IS_EXCLUDED],[START_DATETIME_SUBSCRIPTION_PERIOD],[END_DATETIME_SUBSCRIPTION_PERIOD],[MACHINE_RATE],[ALL_PLACE_CORVERED],[PRODUCT],[IS_TRANSPORTABLE],[DEDUCTIBLE_MIN_VALUE],[DEDUCTIBLE_MIN_INCLUDE],[DEDUCTIBLE_MAX_VALUE],[DEDUCTIBLE_MAX_INCLUDE],[DEDUCTIBLE_UNIT],[FINANCIAL_VALUATION_DELEGATED_MAX],[EXTENDED_FLEET_COVERAGE_ALLOWED_PERCENTAGE], [IS_FIRE_COVERAGE_MANDATORY]) VALUES ('00099','Agricole - Entretien des espaces verts','Agricole','34',0,1,0,0,'2023/01/01',null,7.5,'INCLUDED','PARK',0,500,1,4000,1,'EUR',800000,20,1);
INSERT INTO [sch_mchn].[T_MACHINE_SPECIFICATION]([CODE],[NAME],[LABEL],[SCORE],[IS_OUT_OF_MACHINE_INSURANCE],[IS_DELEGATED],[IS_UNREFERENCED],[IS_EXCLUDED],[START_DATETIME_SUBSCRIPTION_PERIOD],[END_DATETIME_SUBSCRIPTION_PERIOD],[MACHINE_RATE],[ALL_PLACE_CORVERED],[PRODUCT],[IS_TRANSPORTABLE],[DEDUCTIBLE_MIN_VALUE],[DEDUCTIBLE_MIN_INCLUDE],[DEDUCTIBLE_MAX_VALUE],[DEDUCTIBLE_MAX_INCLUDE],[DEDUCTIBLE_UNIT],[FINANCIAL_VALUATION_DELEGATED_MAX],[EXTENDED_FLEET_COVERAGE_ALLOWED_PERCENTAGE], [IS_FIRE_COVERAGE_MANDATORY]) VALUES ('50099','Médical et paramédical','Médical et paramédical','96',0,1,0,0,'2023/01/01',null,6.4,'INCLUDED','PARK',0,300,1,4000,1,'EUR',800000,20,0);
INSERT INTO [sch_mchn].[T_MACHINE_SPECIFICATION]([CODE],[NAME],[LABEL],[SCORE],[IS_OUT_OF_MACHINE_INSURANCE],[IS_DELEGATED],[IS_UNREFERENCED],[IS_EXCLUDED],[START_DATETIME_SUBSCRIPTION_PERIOD],[END_DATETIME_SUBSCRIPTION_PERIOD],[MACHINE_RATE],[ALL_PLACE_CORVERED],[PRODUCT],[IS_TRANSPORTABLE],[DEDUCTIBLE_MIN_VALUE],[DEDUCTIBLE_MIN_INCLUDE],[DEDUCTIBLE_MAX_VALUE],[DEDUCTIBLE_MAX_INCLUDE],[DEDUCTIBLE_UNIT],[FINANCIAL_VALUATION_DELEGATED_MAX],[EXTENDED_FLEET_COVERAGE_ALLOWED_PERCENTAGE], [IS_FIRE_COVERAGE_MANDATORY]) VALUES ('31099','Imprimerie et arts graphiques','Imprimerie','0',0,1,0,0,'2023/01/01',null,7,'POINTLESS','PARK',0,300,1,4000,1,'EUR',800000,20,0);
INSERT INTO [sch_mchn].[T_MACHINE_SPECIFICATION]([CODE],[NAME],[LABEL],[SCORE],[IS_OUT_OF_MACHINE_INSURANCE],[IS_DELEGATED],[IS_UNREFERENCED],[IS_EXCLUDED],[START_DATETIME_SUBSCRIPTION_PERIOD],[END_DATETIME_SUBSCRIPTION_PERIOD],[MACHINE_RATE],[ALL_PLACE_CORVERED],[PRODUCT],[IS_TRANSPORTABLE],[DEDUCTIBLE_MIN_VALUE],[DEDUCTIBLE_MIN_INCLUDE],[DEDUCTIBLE_MAX_VALUE],[DEDUCTIBLE_MAX_INCLUDE],[DEDUCTIBLE_UNIT],[FINANCIAL_VALUATION_DELEGATED_MAX],[EXTENDED_FLEET_COVERAGE_ALLOWED_PERCENTAGE], [IS_FIRE_COVERAGE_MANDATORY]) VALUES ('60099','Images et sons','Images et sons','207',0,1,0,0,'2023/01/01',null,19.4,'INCLUDED','PARK',1,300,1,4000,1,'EUR',400000,20,0);
INSERT INTO [sch_mchn].[T_MACHINE_SPECIFICATION]([CODE],[NAME],[LABEL],[SCORE],[IS_OUT_OF_MACHINE_INSURANCE],[IS_DELEGATED],[IS_UNREFERENCED],[IS_EXCLUDED],[START_DATETIME_SUBSCRIPTION_PERIOD],[END_DATETIME_SUBSCRIPTION_PERIOD],[MACHINE_RATE],[ALL_PLACE_CORVERED],[PRODUCT],[IS_TRANSPORTABLE],[DEDUCTIBLE_MIN_VALUE],[DEDUCTIBLE_MIN_INCLUDE],[DEDUCTIBLE_MAX_VALUE],[DEDUCTIBLE_MAX_INCLUDE],[DEDUCTIBLE_UNIT],[FINANCIAL_VALUATION_DELEGATED_MAX],[EXTENDED_FLEET_COVERAGE_ALLOWED_PERCENTAGE], [IS_FIRE_COVERAGE_MANDATORY]) VALUES ('21099','Contrôles et mesures','Contrôles et mesures','57',0,1,0,0,'2023/01/01',null,9.6,'INCLUDED','PARK',1,300,1,4000,1,'EUR',300000,20,0);
INSERT INTO [sch_mchn].[T_MACHINE_SPECIFICATION]([CODE],[NAME],[LABEL],[SCORE],[IS_OUT_OF_MACHINE_INSURANCE],[IS_DELEGATED],[IS_UNREFERENCED],[IS_EXCLUDED],[START_DATETIME_SUBSCRIPTION_PERIOD],[END_DATETIME_SUBSCRIPTION_PERIOD],[MACHINE_RATE],[ALL_PLACE_CORVERED],[PRODUCT],[IS_TRANSPORTABLE],[DEDUCTIBLE_MIN_VALUE],[DEDUCTIBLE_MIN_INCLUDE],[DEDUCTIBLE_MAX_VALUE],[DEDUCTIBLE_MAX_INCLUDE],[DEDUCTIBLE_UNIT],[FINANCIAL_VALUATION_DELEGATED_MAX],[EXTENDED_FLEET_COVERAGE_ALLOWED_PERCENTAGE], [IS_FIRE_COVERAGE_MANDATORY]) VALUES ('06099','Topographie','Topographie','33',0,1,0,0,'2023/01/01',null,25,'INCLUDED','PARK',1,500,1,4000,1,'EUR',200000,20,0);
INSERT INTO [sch_mchn].[T_MACHINE_SPECIFICATION]([CODE],[NAME],[LABEL],[SCORE],[IS_OUT_OF_MACHINE_INSURANCE],[IS_DELEGATED],[IS_UNREFERENCED],[IS_EXCLUDED],[START_DATETIME_SUBSCRIPTION_PERIOD],[END_DATETIME_SUBSCRIPTION_PERIOD],[MACHINE_RATE],[ALL_PLACE_CORVERED],[PRODUCT],[IS_TRANSPORTABLE],[DEDUCTIBLE_MIN_VALUE],[DEDUCTIBLE_MIN_INCLUDE],[DEDUCTIBLE_MAX_VALUE],[DEDUCTIBLE_MAX_INCLUDE],[DEDUCTIBLE_UNIT],[FINANCIAL_VALUATION_DELEGATED_MAX],[EXTENDED_FLEET_COVERAGE_ALLOWED_PERCENTAGE], [IS_FIRE_COVERAGE_MANDATORY]) VALUES ('18099','Bureautique','Bureautique','39',0,1,0,0,'2023/01/01',null,6.4,'INCLUDED','PARK',0,300,1,4000,1,'EUR',400000,20,0);
INSERT INTO [sch_mchn].[T_MACHINE_SPECIFICATION]([CODE],[NAME],[LABEL],[SCORE],[IS_OUT_OF_MACHINE_INSURANCE],[IS_DELEGATED],[IS_UNREFERENCED],[IS_EXCLUDED],[START_DATETIME_SUBSCRIPTION_PERIOD],[END_DATETIME_SUBSCRIPTION_PERIOD],[MACHINE_RATE],[ALL_PLACE_CORVERED],[PRODUCT],[IS_TRANSPORTABLE],[DEDUCTIBLE_MIN_VALUE],[DEDUCTIBLE_MIN_INCLUDE],[DEDUCTIBLE_MAX_VALUE],[DEDUCTIBLE_MAX_INCLUDE],[DEDUCTIBLE_UNIT],[FINANCIAL_VALUATION_DELEGATED_MAX],[EXTENDED_FLEET_COVERAGE_ALLOWED_PERCENTAGE], [IS_FIRE_COVERAGE_MANDATORY]) VALUES ('26099','Libre-service','Libre-service','35',0,1,0,0,'2023/01/01',null,10,'POINTLESS','PARK',0,300,1,4000,1,'EUR',400000,20,0);
INSERT INTO [sch_mchn].[T_MACHINE_SPECIFICATION]([CODE],[NAME],[LABEL],[SCORE],[IS_OUT_OF_MACHINE_INSURANCE],[IS_DELEGATED],[IS_UNREFERENCED],[IS_EXCLUDED],[START_DATETIME_SUBSCRIPTION_PERIOD],[END_DATETIME_SUBSCRIPTION_PERIOD],[MACHINE_RATE],[ALL_PLACE_CORVERED],[PRODUCT],[IS_TRANSPORTABLE],[DEDUCTIBLE_MIN_VALUE],[DEDUCTIBLE_MIN_INCLUDE],[DEDUCTIBLE_MAX_VALUE],[DEDUCTIBLE_MAX_INCLUDE],[DEDUCTIBLE_UNIT],[FINANCIAL_VALUATION_DELEGATED_MAX],[EXTENDED_FLEET_COVERAGE_ALLOWED_PERCENTAGE], [IS_FIRE_COVERAGE_MANDATORY]) VALUES ('30099','Alimentaire','Alimentaire','15',0,1,0,0,'2023/01/01',null,6.5,'INCLUDED','PARK',0,300,1,4000,1,'EUR',500000,20,0);
INSERT INTO [sch_mchn].[T_MACHINE_SPECIFICATION]([CODE],[NAME],[LABEL],[SCORE],[IS_OUT_OF_MACHINE_INSURANCE],[IS_DELEGATED],[IS_UNREFERENCED],[IS_EXCLUDED],[START_DATETIME_SUBSCRIPTION_PERIOD],[END_DATETIME_SUBSCRIPTION_PERIOD],[MACHINE_RATE],[ALL_PLACE_CORVERED],[PRODUCT],[IS_TRANSPORTABLE],[DEDUCTIBLE_MIN_VALUE],[DEDUCTIBLE_MIN_INCLUDE],[DEDUCTIBLE_MAX_VALUE],[DEDUCTIBLE_MAX_INCLUDE],[DEDUCTIBLE_UNIT],[FINANCIAL_VALUATION_DELEGATED_MAX],[EXTENDED_FLEET_COVERAGE_ALLOWED_PERCENTAGE], [IS_FIRE_COVERAGE_MANDATORY]) VALUES ('74099','Secteur de l’automobile','Automobile','27',0,1,0,0,'2023/01/01',null,7.3,'INCLUDED','PARK',1,300,1,4000,1,'EUR',500000,20,0);
INSERT INTO [sch_mchn].[T_MACHINE_SPECIFICATION]([CODE],[NAME],[LABEL],[SCORE],[IS_OUT_OF_MACHINE_INSURANCE],[IS_DELEGATED],[IS_UNREFERENCED],[IS_EXCLUDED],[START_DATETIME_SUBSCRIPTION_PERIOD],[END_DATETIME_SUBSCRIPTION_PERIOD],[MACHINE_RATE],[ALL_PLACE_CORVERED],[PRODUCT],[IS_TRANSPORTABLE],[DEDUCTIBLE_MIN_VALUE],[DEDUCTIBLE_MIN_INCLUDE],[DEDUCTIBLE_MAX_VALUE],[DEDUCTIBLE_MAX_INCLUDE],[DEDUCTIBLE_UNIT],[FINANCIAL_VALUATION_DELEGATED_MAX],[EXTENDED_FLEET_COVERAGE_ALLOWED_PERCENTAGE], [IS_FIRE_COVERAGE_MANDATORY]) VALUES ('32099','Travail du textile','Travail du textile','0',0,1,0,0,'2023/01/01',null,5,'POINTLESS','PARK',0,500,1,4000,1,'EUR',800000,20,0);
INSERT INTO [sch_mchn].[T_MACHINE_SPECIFICATION]([CODE],[NAME],[LABEL],[SCORE],[IS_OUT_OF_MACHINE_INSURANCE],[IS_DELEGATED],[IS_UNREFERENCED],[IS_EXCLUDED],[START_DATETIME_SUBSCRIPTION_PERIOD],[END_DATETIME_SUBSCRIPTION_PERIOD],[MACHINE_RATE],[ALL_PLACE_CORVERED],[PRODUCT],[IS_TRANSPORTABLE],[DEDUCTIBLE_MIN_VALUE],[DEDUCTIBLE_MIN_INCLUDE],[DEDUCTIBLE_MAX_VALUE],[DEDUCTIBLE_MAX_INCLUDE],[DEDUCTIBLE_UNIT],[FINANCIAL_VALUATION_DELEGATED_MAX],[EXTENDED_FLEET_COVERAGE_ALLOWED_PERCENTAGE], [IS_FIRE_COVERAGE_MANDATORY]) VALUES ('72099','Blanchisserie Laverie','Blanchisserie Laverie','1',0,1,0,0,'2023/01/01',null,9.6,'POINTLESS','PARK',0,300,1,4000,1,'EUR',300000,20,0);
INSERT INTO [sch_mchn].[T_MACHINE_SPECIFICATION]([CODE],[NAME],[LABEL],[SCORE],[IS_OUT_OF_MACHINE_INSURANCE],[IS_DELEGATED],[IS_UNREFERENCED],[IS_EXCLUDED],[START_DATETIME_SUBSCRIPTION_PERIOD],[END_DATETIME_SUBSCRIPTION_PERIOD],[MACHINE_RATE],[ALL_PLACE_CORVERED],[PRODUCT],[IS_TRANSPORTABLE],[DEDUCTIBLE_MIN_VALUE],[DEDUCTIBLE_MIN_INCLUDE],[DEDUCTIBLE_MAX_VALUE],[DEDUCTIBLE_MAX_INCLUDE],[DEDUCTIBLE_UNIT],[FINANCIAL_VALUATION_DELEGATED_MAX],[EXTENDED_FLEET_COVERAGE_ALLOWED_PERCENTAGE], [IS_FIRE_COVERAGE_MANDATORY]) VALUES ('35099','Travail des métaux','Travail des métaux','0',0,1,0,0,'2023/01/01',null,5.4,'POINTLESS','PARK',0,500,1,4000,1,'EUR',800000,20,0);
INSERT INTO [sch_mchn].[T_MACHINE_SPECIFICATION]([CODE],[NAME],[LABEL],[SCORE],[IS_OUT_OF_MACHINE_INSURANCE],[IS_DELEGATED],[IS_UNREFERENCED],[IS_EXCLUDED],[START_DATETIME_SUBSCRIPTION_PERIOD],[END_DATETIME_SUBSCRIPTION_PERIOD],[MACHINE_RATE],[ALL_PLACE_CORVERED],[PRODUCT],[IS_TRANSPORTABLE],[DEDUCTIBLE_MIN_VALUE],[DEDUCTIBLE_MIN_INCLUDE],[DEDUCTIBLE_MAX_VALUE],[DEDUCTIBLE_MAX_INCLUDE],[DEDUCTIBLE_UNIT],[FINANCIAL_VALUATION_DELEGATED_MAX],[EXTENDED_FLEET_COVERAGE_ALLOWED_PERCENTAGE], [IS_FIRE_COVERAGE_MANDATORY]) VALUES ('33099','Travail du bois','Travail du bois','0',0,1,0,0,'2023/01/01',null,7.5,'POINTLESS','PARK',0,500,1,4000,1,'EUR',800000,20,0);
INSERT INTO [sch_mchn].[T_MACHINE_SPECIFICATION]([CODE],[NAME],[LABEL],[SCORE],[IS_OUT_OF_MACHINE_INSURANCE],[IS_DELEGATED],[IS_UNREFERENCED],[IS_EXCLUDED],[START_DATETIME_SUBSCRIPTION_PERIOD],[END_DATETIME_SUBSCRIPTION_PERIOD],[MACHINE_RATE],[ALL_PLACE_CORVERED],[PRODUCT],[IS_TRANSPORTABLE],[DEDUCTIBLE_MIN_VALUE],[DEDUCTIBLE_MIN_INCLUDE],[DEDUCTIBLE_MAX_VALUE],[DEDUCTIBLE_MAX_INCLUDE],[DEDUCTIBLE_UNIT],[FINANCIAL_VALUATION_DELEGATED_MAX],[EXTENDED_FLEET_COVERAGE_ALLOWED_PERCENTAGE], [IS_FIRE_COVERAGE_MANDATORY]) VALUES ('34099','Travail du plastique et caoutchouc','Travail du plastique et caoutchouc','0',0,1,0,0,'2023/01/01',null,7,'POINTLESS','PARK',0,500,1,4000,1,'EUR',800000,20,0);
INSERT INTO [sch_mchn].[T_MACHINE_SPECIFICATION]([CODE],[NAME],[LABEL],[SCORE],[IS_OUT_OF_MACHINE_INSURANCE],[IS_DELEGATED],[IS_UNREFERENCED],[IS_EXCLUDED],[START_DATETIME_SUBSCRIPTION_PERIOD],[END_DATETIME_SUBSCRIPTION_PERIOD],[MACHINE_RATE],[ALL_PLACE_CORVERED],[PRODUCT],[IS_TRANSPORTABLE],[DEDUCTIBLE_MIN_VALUE],[DEDUCTIBLE_MIN_INCLUDE],[DEDUCTIBLE_MAX_VALUE],[DEDUCTIBLE_MAX_INCLUDE],[DEDUCTIBLE_UNIT],[FINANCIAL_VALUATION_DELEGATED_MAX],[EXTENDED_FLEET_COVERAGE_ALLOWED_PERCENTAGE], [IS_FIRE_COVERAGE_MANDATORY]) VALUES ('36099','Travail de la pierre et du ciment','Travail de la pierre et du ciment','0',0,1,0,0,'2023/01/01',null,10.4,'POINTLESS','PARK',0,500,1,4000,1,'EUR',800000,20,0);
INSERT INTO [sch_mchn].[T_MACHINE_SPECIFICATION]([CODE],[NAME],[LABEL],[SCORE],[IS_OUT_OF_MACHINE_INSURANCE],[IS_DELEGATED],[IS_UNREFERENCED],[IS_EXCLUDED],[START_DATETIME_SUBSCRIPTION_PERIOD],[END_DATETIME_SUBSCRIPTION_PERIOD],[MACHINE_RATE],[ALL_PLACE_CORVERED],[PRODUCT],[IS_TRANSPORTABLE],[DEDUCTIBLE_MIN_VALUE],[DEDUCTIBLE_MIN_INCLUDE],[DEDUCTIBLE_MAX_VALUE],[DEDUCTIBLE_MAX_INCLUDE],[DEDUCTIBLE_UNIT],[FINANCIAL_VALUATION_DELEGATED_MAX],[EXTENDED_FLEET_COVERAGE_ALLOWED_PERCENTAGE], [IS_FIRE_COVERAGE_MANDATORY]) VALUES ('23099','Manutention','Manutention','39',0,1,0,0,'2023/01/01',null,9.3,'INCLUDED','PARK',1,500,1,4000,1,'EUR',800000,20,1);
INSERT INTO [sch_mchn].[T_MACHINE_SPECIFICATION]([CODE],[NAME],[LABEL],[SCORE],[IS_OUT_OF_MACHINE_INSURANCE],[IS_DELEGATED],[IS_UNREFERENCED],[IS_EXCLUDED],[START_DATETIME_SUBSCRIPTION_PERIOD],[END_DATETIME_SUBSCRIPTION_PERIOD],[MACHINE_RATE],[ALL_PLACE_CORVERED],[PRODUCT],[IS_TRANSPORTABLE],[DEDUCTIBLE_MIN_VALUE],[DEDUCTIBLE_MIN_INCLUDE],[DEDUCTIBLE_MAX_VALUE],[DEDUCTIBLE_MAX_INCLUDE],[DEDUCTIBLE_UNIT],[FINANCIAL_VALUATION_DELEGATED_MAX],[EXTENDED_FLEET_COVERAGE_ALLOWED_PERCENTAGE], [IS_FIRE_COVERAGE_MANDATORY]) VALUES ('22099','Conditionnement et stockage','Conditionnement et stockage','5',0,1,0,0,'2023/01/01',null,5,'INCLUDED','PARK',0,500,1,4000,1,'EUR',500000,20,0);
INSERT INTO [sch_mchn].[T_MACHINE_SPECIFICATION]([CODE],[NAME],[LABEL],[SCORE],[IS_OUT_OF_MACHINE_INSURANCE],[IS_DELEGATED],[IS_UNREFERENCED],[IS_EXCLUDED],[START_DATETIME_SUBSCRIPTION_PERIOD],[END_DATETIME_SUBSCRIPTION_PERIOD],[MACHINE_RATE],[ALL_PLACE_CORVERED],[PRODUCT],[IS_TRANSPORTABLE],[DEDUCTIBLE_MIN_VALUE],[DEDUCTIBLE_MIN_INCLUDE],[DEDUCTIBLE_MAX_VALUE],[DEDUCTIBLE_MAX_INCLUDE],[DEDUCTIBLE_UNIT],[FINANCIAL_VALUATION_DELEGATED_MAX],[EXTENDED_FLEET_COVERAGE_ALLOWED_PERCENTAGE], [IS_FIRE_COVERAGE_MANDATORY]) VALUES ('25099','Sécurité et protection','Sécurité et protection','2',0,1,0,0,'2023/01/01',null,15,'INCLUDED','PARK',0,300,1,4000,1,'EUR',300000,20,0);
INSERT INTO [sch_mchn].[T_MACHINE_SPECIFICATION]([CODE],[NAME],[LABEL],[SCORE],[IS_OUT_OF_MACHINE_INSURANCE],[IS_DELEGATED],[IS_UNREFERENCED],[IS_EXCLUDED],[START_DATETIME_SUBSCRIPTION_PERIOD],[END_DATETIME_SUBSCRIPTION_PERIOD],[MACHINE_RATE],[ALL_PLACE_CORVERED],[PRODUCT],[IS_TRANSPORTABLE],[DEDUCTIBLE_MIN_VALUE],[DEDUCTIBLE_MIN_INCLUDE],[DEDUCTIBLE_MAX_VALUE],[DEDUCTIBLE_MAX_INCLUDE],[DEDUCTIBLE_UNIT],[FINANCIAL_VALUATION_DELEGATED_MAX],[EXTENDED_FLEET_COVERAGE_ALLOWED_PERCENTAGE], [IS_FIRE_COVERAGE_MANDATORY]) VALUES ('76099','Assainissement et hygiène','Assainissement et hygiène','0',0,1,0,0,'2023/01/01',null,7.9,'INCLUDED','PARK',0,300,1,4000,1,'EUR',400000,20,0);
INSERT INTO [sch_mchn].[T_MACHINE_SPECIFICATION]([CODE],[NAME],[LABEL],[SCORE],[IS_OUT_OF_MACHINE_INSURANCE],[IS_DELEGATED],[IS_UNREFERENCED],[IS_EXCLUDED],[START_DATETIME_SUBSCRIPTION_PERIOD],[END_DATETIME_SUBSCRIPTION_PERIOD],[MACHINE_RATE],[ALL_PLACE_CORVERED],[PRODUCT],[IS_TRANSPORTABLE],[DEDUCTIBLE_MIN_VALUE],[DEDUCTIBLE_MIN_INCLUDE],[DEDUCTIBLE_MAX_VALUE],[DEDUCTIBLE_MAX_INCLUDE],[DEDUCTIBLE_UNIT],[FINANCIAL_VALUATION_DELEGATED_MAX],[EXTENDED_FLEET_COVERAGE_ALLOWED_PERCENTAGE], [IS_FIRE_COVERAGE_MANDATORY]) VALUES ('79099','Autre type de parc','null','0',0,1,1,0,'2023/01/01',null,16.9,'INCLUDED','PARK',0,500,1,4000,1,'EUR',300000,20,0);


DELETE FROM [sch_mchn].[T_RISK_PRECISION];

INSERT INTO [sch_mchn].[T_RISK_PRECISION]([MACHINE_CODE],[CODE],[LABEL],[DETAIL]) VALUES ('02099','DOMAINS','Domaines:',N'Terrassement et chargement, Levage, Routes et voirie, …');
INSERT INTO [sch_mchn].[T_RISK_PRECISION]([MACHINE_CODE],[CODE],[LABEL],[DETAIL]) VALUES ('00099','DOMAINS','Domaines:',N'Culture, Vinification, Elevage, Laiterie, Irrigation');
INSERT INTO [sch_mchn].[T_RISK_PRECISION]([MACHINE_CODE],[CODE],[LABEL],[DETAIL]) VALUES ('50099','DOMAINS','Domaines:',N'Equipements de spécialités médicales, kinésithérapie, Esthétique, Dentiste …');
INSERT INTO [sch_mchn].[T_RISK_PRECISION]([MACHINE_CODE],[CODE],[LABEL],[DETAIL]) VALUES ('30099','DOMAINS','Domaines:',N'Industrie, Artisanat, Café et Restaurant, … ');
INSERT INTO [sch_mchn].[T_RISK_PRECISION]([MACHINE_CODE],[CODE],[LABEL],[DETAIL]) VALUES ('23099','DOMAINS','Domaines:',N'Industrie et entrepôt');
INSERT INTO [sch_mchn].[T_RISK_PRECISION]([MACHINE_CODE],[CODE],[LABEL],[DETAIL]) VALUES ('79099','DOMAINS',null,N'Attention, machines exclues à la souscription :

Manèges forains, Nouveaux Véhicules Electriques Individuels (Vélos et Trottinettes électriques, Draisienne électriques, Gyropodes, Segway,Hoverboards, ... )');

INSERT INTO [sch_mchn].[T_RISK_PRECISION]([MACHINE_CODE],[CODE],[LABEL],[DETAIL]) VALUES ('02099','EXAMPLES','Exemple de machines:',N'Minipelle, Chariot élévateur de chantier, Chargeur, Grue, Machine à projeter…');
INSERT INTO [sch_mchn].[T_RISK_PRECISION]([MACHINE_CODE],[CODE],[LABEL],[DETAIL]) VALUES ('24099','EXAMPLES','Exemple de machines:',N'Groupe électrogène, Groupe compresseur, Climatisation, Tableau électrique, Chaudière, Groupe de froid, Pompe à chaleur, …');
INSERT INTO [sch_mchn].[T_RISK_PRECISION]([MACHINE_CODE],[CODE],[LABEL],[DETAIL]) VALUES ('00099','EXAMPLES','Exemple de machines:',N'Tracteur agricole, Débroussailleuse, Emballeur de balles, Installation de traite, Rampe d’arrosage, Tondeuse, …');
INSERT INTO [sch_mchn].[T_RISK_PRECISION]([MACHINE_CODE],[CODE],[LABEL],[DETAIL]) VALUES ('50099','EXAMPLES','Exemple de machines:',N'Matériel de radiologie, Scanner, Echographe, Laser ophtalmique, Appareil d’électrothérapie, Epilateur laser ...');
INSERT INTO [sch_mchn].[T_RISK_PRECISION]([MACHINE_CODE],[CODE],[LABEL],[DETAIL]) VALUES ('31099','EXAMPLES','Exemple de machines:',N'Presse numérique, Presse offset, Imprimante d’étiquettes, Plastifieuse, Plieuse, Massicot, …');
INSERT INTO [sch_mchn].[T_RISK_PRECISION]([MACHINE_CODE],[CODE],[LABEL],[DETAIL]) VALUES ('60099','EXAMPLES','Exemple de machines:',N'Appareil photo, Caméra, Emetteur-récepteur, Panneau d’affichage lumineux, Amplificateur audio, Vidéoprojecteur, Borne de développement photo...');
INSERT INTO [sch_mchn].[T_RISK_PRECISION]([MACHINE_CODE],[CODE],[LABEL],[DETAIL]) VALUES ('21099','EXAMPLES','Exemple de machines:',N'Analyseur de métaux, Radar laser, Analyseur de produits polluants, Endoscope de canalisation, Microscope, Niveau, … ');
INSERT INTO [sch_mchn].[T_RISK_PRECISION]([MACHINE_CODE],[CODE],[LABEL],[DETAIL]) VALUES ('06099','EXAMPLES','Exemple de machines:',N'Télémètre, Géodimètre, Niveau, Théodolite, …');
INSERT INTO [sch_mchn].[T_RISK_PRECISION]([MACHINE_CODE],[CODE],[LABEL],[DETAIL]) VALUES ('18099','EXAMPLES','Exemple de machines:',N'Imprimante - Photocopieur, Scanner, Traceur, …');
INSERT INTO [sch_mchn].[T_RISK_PRECISION]([MACHINE_CODE],[CODE],[LABEL],[DETAIL]) VALUES ('26099','EXAMPLES','Exemple de machines:',N'Distributeur automatique de nourriture, de billets, de jetons, …');
INSERT INTO [sch_mchn].[T_RISK_PRECISION]([MACHINE_CODE],[CODE],[LABEL],[DETAIL]) VALUES ('30099','EXAMPLES','Exemple de machines:',N'Balance, Vitrine réfrigérée, Four, Chaine d’embouteillage, Machine à découper, Autoclave, … ');
INSERT INTO [sch_mchn].[T_RISK_PRECISION]([MACHINE_CODE],[CODE],[LABEL],[DETAIL]) VALUES ('74099','EXAMPLES','Exemple de machines:',N'Borne de recharge électrique, Marbre de carrosserie, Equilibreuse, Borne de gonflage, Matériel de contrôle technique, …');
INSERT INTO [sch_mchn].[T_RISK_PRECISION]([MACHINE_CODE],[CODE],[LABEL],[DETAIL]) VALUES ('32099','EXAMPLES','Exemple de machines:',N'Machine à broder, Machine à coudre, Table de découpe laser, Machine à tricoter, …');
INSERT INTO [sch_mchn].[T_RISK_PRECISION]([MACHINE_CODE],[CODE],[LABEL],[DETAIL]) VALUES ('72099','EXAMPLES','Exemple de machines:',N'Machine à laver, Machine à sécher, Machine à repasser, Plieuse, …');
INSERT INTO [sch_mchn].[T_RISK_PRECISION]([MACHINE_CODE],[CODE],[LABEL],[DETAIL]) VALUES ('35099','EXAMPLES','Exemple de machines:',N'Centre d’usinage, Tour, Machine à découpe laser, Fraiseuse, Rectifieuse, Presse Hydraulique … ');
INSERT INTO [sch_mchn].[T_RISK_PRECISION]([MACHINE_CODE],[CODE],[LABEL],[DETAIL]) VALUES ('33099','EXAMPLES','Exemple de machines:',N'Centre d’usinage, Scie à bois, Tronçonneuse, Plaqueuse de chants, …');
INSERT INTO [sch_mchn].[T_RISK_PRECISION]([MACHINE_CODE],[CODE],[LABEL],[DETAIL]) VALUES ('34099','EXAMPLES','Exemple de machines:',N'Broyeur, soudeuse, Presse à injecter, Thermoformeuse, Extrudeuse, …');
INSERT INTO [sch_mchn].[T_RISK_PRECISION]([MACHINE_CODE],[CODE],[LABEL],[DETAIL]) VALUES ('36099','EXAMPLES','Exemple de machines:',N'Crible, Concasseur de produits réfractaires ou non réfractaires, centre d’usinage (pierre), …');
INSERT INTO [sch_mchn].[T_RISK_PRECISION]([MACHINE_CODE],[CODE],[LABEL],[DETAIL]) VALUES ('23099','EXAMPLES','Exemple de machines:',N'Nacelle, Transpalette, Chariot élévateur, Monte-charge, Treuil, …');
INSERT INTO [sch_mchn].[T_RISK_PRECISION]([MACHINE_CODE],[CODE],[LABEL],[DETAIL]) VALUES ('22099','EXAMPLES','Exemple de machines:',N'Ensacheuse, Remplisseuse, Compacteur, Citerne, Cercleuse, Presse à balles, …');
INSERT INTO [sch_mchn].[T_RISK_PRECISION]([MACHINE_CODE],[CODE],[LABEL],[DETAIL]) VALUES ('25099','EXAMPLES','Exemple de machines:',N'Système de fermeture automatique, Télésurveillance, Feux de signalisation, ... ');
INSERT INTO [sch_mchn].[T_RISK_PRECISION]([MACHINE_CODE],[CODE],[LABEL],[DETAIL]) VALUES ('76099','EXAMPLES','Exemple de machines:',N'Autolaveuse, Poste de nettoyage haute pression, Balayeuse, Aspirateur, Déshumidificateur, … ');

INSERT INTO [sch_mchn].[T_RISK_PRECISION]([MACHINE_CODE],[CODE],[LABEL],[DETAIL]) VALUES ('24099','OUT_OF_PRODUCT','Hors OSE:',N'Eolienne, Micro centrale hydro-électrique, Installation de biogaz');
INSERT INTO [sch_mchn].[T_RISK_PRECISION]([MACHINE_CODE],[CODE],[LABEL],[DETAIL]) VALUES ('76099','OUT_OF_PRODUCT','Hors OSE:',N'Station d’épuration, Centrale de traitement des déchets');

INSERT INTO [sch_mchn].[T_RISK_PRECISION]([MACHINE_CODE],[CODE],[LABEL],[DETAIL]) VALUES ('02099','EXCLUSIONS','Attention, machines exclues à la souscription:',N'Echafaudage, Cabane de chantier, Topographie, Banche');
INSERT INTO [sch_mchn].[T_RISK_PRECISION]([MACHINE_CODE],[CODE],[LABEL],[DETAIL]) VALUES ('24099','EXCLUSIONS','Attention, machines exclues à la souscription:',N'Installation de géothermie');
INSERT INTO [sch_mchn].[T_RISK_PRECISION]([MACHINE_CODE],[CODE],[LABEL],[DETAIL]) VALUES ('50099','EXCLUSIONS','Attention, machines exclues à la souscription:',N'Audioprothèses');
INSERT INTO [sch_mchn].[T_RISK_PRECISION]([MACHINE_CODE],[CODE],[LABEL],[DETAIL]) VALUES ('30099','EXCLUSIONS','Attention, machines exclues à la souscription:',N'Food truck (camion à pizza, barraque à frites...)');

DELETE FROM [sch_mchn].[T_PRICING_RATE] WHERE [FK_MACHINE_ID] IN (SELECT MACHINE_ID from [sch_mchn].[T_MACHINE_SPECIFICATION] 
WHERE [CODE] IN ('02099','24099','00099','50099','31099','60099','21099','06099','18099','26099','30099','74099','32099','72099','35099','33099','34099','36099','23099','22099','25099','76099','79099'))

INSERT INTO [sch_mchn].[T_PRICING_RATE] ([CODE],[RATE],[FK_MACHINE_ID]) VALUES ('GTL',1,(SELECT MACHINE_ID from [sch_mchn].[T_MACHINE_SPECIFICATION] WHERE CODE ='02099' AND START_DATETIME_SUBSCRIPTION_PERIOD='2023/01/01'))
INSERT INTO [sch_mchn].[T_PRICING_RATE] ([CODE],[RATE],[FK_MACHINE_ID]) VALUES ('GTL',1,(SELECT MACHINE_ID from [sch_mchn].[T_MACHINE_SPECIFICATION] WHERE CODE ='24099' AND START_DATETIME_SUBSCRIPTION_PERIOD='2023/01/01'))
INSERT INTO [sch_mchn].[T_PRICING_RATE] ([CODE],[RATE],[FK_MACHINE_ID]) VALUES ('GTL',1,(SELECT MACHINE_ID from [sch_mchn].[T_MACHINE_SPECIFICATION] WHERE CODE ='00099' AND START_DATETIME_SUBSCRIPTION_PERIOD='2023/01/01'))
INSERT INTO [sch_mchn].[T_PRICING_RATE] ([CODE],[RATE],[FK_MACHINE_ID]) VALUES ('GTL',1,(SELECT MACHINE_ID from [sch_mchn].[T_MACHINE_SPECIFICATION] WHERE CODE ='50099' AND START_DATETIME_SUBSCRIPTION_PERIOD='2023/01/01'))
INSERT INTO [sch_mchn].[T_PRICING_RATE] ([CODE],[RATE],[FK_MACHINE_ID]) VALUES ('GTL',1,(SELECT MACHINE_ID from [sch_mchn].[T_MACHINE_SPECIFICATION] WHERE CODE ='31099' AND START_DATETIME_SUBSCRIPTION_PERIOD='2023/01/01'))
INSERT INTO [sch_mchn].[T_PRICING_RATE] ([CODE],[RATE],[FK_MACHINE_ID]) VALUES ('GTL',1,(SELECT MACHINE_ID from [sch_mchn].[T_MACHINE_SPECIFICATION] WHERE CODE ='60099' AND START_DATETIME_SUBSCRIPTION_PERIOD='2023/01/01'))
INSERT INTO [sch_mchn].[T_PRICING_RATE] ([CODE],[RATE],[FK_MACHINE_ID]) VALUES ('GTL',1,(SELECT MACHINE_ID from [sch_mchn].[T_MACHINE_SPECIFICATION] WHERE CODE ='21099' AND START_DATETIME_SUBSCRIPTION_PERIOD='2023/01/01'))
INSERT INTO [sch_mchn].[T_PRICING_RATE] ([CODE],[RATE],[FK_MACHINE_ID]) VALUES ('GTL',1,(SELECT MACHINE_ID from [sch_mchn].[T_MACHINE_SPECIFICATION] WHERE CODE ='06099' AND START_DATETIME_SUBSCRIPTION_PERIOD='2023/01/01'))
INSERT INTO [sch_mchn].[T_PRICING_RATE] ([CODE],[RATE],[FK_MACHINE_ID]) VALUES ('GTL',1,(SELECT MACHINE_ID from [sch_mchn].[T_MACHINE_SPECIFICATION] WHERE CODE ='18099' AND START_DATETIME_SUBSCRIPTION_PERIOD='2023/01/01'))
INSERT INTO [sch_mchn].[T_PRICING_RATE] ([CODE],[RATE],[FK_MACHINE_ID]) VALUES ('GTL',1,(SELECT MACHINE_ID from [sch_mchn].[T_MACHINE_SPECIFICATION] WHERE CODE ='26099' AND START_DATETIME_SUBSCRIPTION_PERIOD='2023/01/01'))
INSERT INTO [sch_mchn].[T_PRICING_RATE] ([CODE],[RATE],[FK_MACHINE_ID]) VALUES ('GTL',1,(SELECT MACHINE_ID from [sch_mchn].[T_MACHINE_SPECIFICATION] WHERE CODE ='30099' AND START_DATETIME_SUBSCRIPTION_PERIOD='2023/01/01'))
INSERT INTO [sch_mchn].[T_PRICING_RATE] ([CODE],[RATE],[FK_MACHINE_ID]) VALUES ('GTL',1,(SELECT MACHINE_ID from [sch_mchn].[T_MACHINE_SPECIFICATION] WHERE CODE ='74099' AND START_DATETIME_SUBSCRIPTION_PERIOD='2023/01/01'))
INSERT INTO [sch_mchn].[T_PRICING_RATE] ([CODE],[RATE],[FK_MACHINE_ID]) VALUES ('GTL',1,(SELECT MACHINE_ID from [sch_mchn].[T_MACHINE_SPECIFICATION] WHERE CODE ='32099' AND START_DATETIME_SUBSCRIPTION_PERIOD='2023/01/01'))
INSERT INTO [sch_mchn].[T_PRICING_RATE] ([CODE],[RATE],[FK_MACHINE_ID]) VALUES ('GTL',1,(SELECT MACHINE_ID from [sch_mchn].[T_MACHINE_SPECIFICATION] WHERE CODE ='72099' AND START_DATETIME_SUBSCRIPTION_PERIOD='2023/01/01'))
INSERT INTO [sch_mchn].[T_PRICING_RATE] ([CODE],[RATE],[FK_MACHINE_ID]) VALUES ('GTL',1,(SELECT MACHINE_ID from [sch_mchn].[T_MACHINE_SPECIFICATION] WHERE CODE ='35099' AND START_DATETIME_SUBSCRIPTION_PERIOD='2023/01/01'))
INSERT INTO [sch_mchn].[T_PRICING_RATE] ([CODE],[RATE],[FK_MACHINE_ID]) VALUES ('GTL',1,(SELECT MACHINE_ID from [sch_mchn].[T_MACHINE_SPECIFICATION] WHERE CODE ='33099' AND START_DATETIME_SUBSCRIPTION_PERIOD='2023/01/01'))
INSERT INTO [sch_mchn].[T_PRICING_RATE] ([CODE],[RATE],[FK_MACHINE_ID]) VALUES ('GTL',1,(SELECT MACHINE_ID from [sch_mchn].[T_MACHINE_SPECIFICATION] WHERE CODE ='34099' AND START_DATETIME_SUBSCRIPTION_PERIOD='2023/01/01'))
INSERT INTO [sch_mchn].[T_PRICING_RATE] ([CODE],[RATE],[FK_MACHINE_ID]) VALUES ('GTL',1,(SELECT MACHINE_ID from [sch_mchn].[T_MACHINE_SPECIFICATION] WHERE CODE ='36099' AND START_DATETIME_SUBSCRIPTION_PERIOD='2023/01/01'))
INSERT INTO [sch_mchn].[T_PRICING_RATE] ([CODE],[RATE],[FK_MACHINE_ID]) VALUES ('GTL',1,(SELECT MACHINE_ID from [sch_mchn].[T_MACHINE_SPECIFICATION] WHERE CODE ='23099' AND START_DATETIME_SUBSCRIPTION_PERIOD='2023/01/01'))
INSERT INTO [sch_mchn].[T_PRICING_RATE] ([CODE],[RATE],[FK_MACHINE_ID]) VALUES ('GTL',1,(SELECT MACHINE_ID from [sch_mchn].[T_MACHINE_SPECIFICATION] WHERE CODE ='22099' AND START_DATETIME_SUBSCRIPTION_PERIOD='2023/01/01'))
INSERT INTO [sch_mchn].[T_PRICING_RATE] ([CODE],[RATE],[FK_MACHINE_ID]) VALUES ('GTL',1,(SELECT MACHINE_ID from [sch_mchn].[T_MACHINE_SPECIFICATION] WHERE CODE ='25099' AND START_DATETIME_SUBSCRIPTION_PERIOD='2023/01/01'))
INSERT INTO [sch_mchn].[T_PRICING_RATE] ([CODE],[RATE],[FK_MACHINE_ID]) VALUES ('GTL',1,(SELECT MACHINE_ID from [sch_mchn].[T_MACHINE_SPECIFICATION] WHERE CODE ='76099' AND START_DATETIME_SUBSCRIPTION_PERIOD='2023/01/01'))
INSERT INTO [sch_mchn].[T_PRICING_RATE] ([CODE],[RATE],[FK_MACHINE_ID]) VALUES ('GTL',1,(SELECT MACHINE_ID from [sch_mchn].[T_MACHINE_SPECIFICATION] WHERE CODE ='79099' AND START_DATETIME_SUBSCRIPTION_PERIOD='2023/01/01'))

INSERT INTO [sch_mchn].[T_PRICING_RATE] ([CODE],[RATE],[FK_MACHINE_ID]) VALUES ('INC',10,(SELECT MACHINE_ID from [sch_mchn].[T_MACHINE_SPECIFICATION] WHERE CODE ='02099' AND START_DATETIME_SUBSCRIPTION_PERIOD='2023/01/01'))
INSERT INTO [sch_mchn].[T_PRICING_RATE] ([CODE],[RATE],[FK_MACHINE_ID]) VALUES ('INC',20,(SELECT MACHINE_ID from [sch_mchn].[T_MACHINE_SPECIFICATION] WHERE CODE ='24099' AND START_DATETIME_SUBSCRIPTION_PERIOD='2023/01/01'))
INSERT INTO [sch_mchn].[T_PRICING_RATE] ([CODE],[RATE],[FK_MACHINE_ID]) VALUES ('INC',10,(SELECT MACHINE_ID from [sch_mchn].[T_MACHINE_SPECIFICATION] WHERE CODE ='00099' AND START_DATETIME_SUBSCRIPTION_PERIOD='2023/01/01'))
INSERT INTO [sch_mchn].[T_PRICING_RATE] ([CODE],[RATE],[FK_MACHINE_ID]) VALUES ('INC',20,(SELECT MACHINE_ID from [sch_mchn].[T_MACHINE_SPECIFICATION] WHERE CODE ='50099' AND START_DATETIME_SUBSCRIPTION_PERIOD='2023/01/01'))
INSERT INTO [sch_mchn].[T_PRICING_RATE] ([CODE],[RATE],[FK_MACHINE_ID]) VALUES ('INC',20,(SELECT MACHINE_ID from [sch_mchn].[T_MACHINE_SPECIFICATION] WHERE CODE ='31099' AND START_DATETIME_SUBSCRIPTION_PERIOD='2023/01/01'))
INSERT INTO [sch_mchn].[T_PRICING_RATE] ([CODE],[RATE],[FK_MACHINE_ID]) VALUES ('INC',20,(SELECT MACHINE_ID from [sch_mchn].[T_MACHINE_SPECIFICATION] WHERE CODE ='60099' AND START_DATETIME_SUBSCRIPTION_PERIOD='2023/01/01'))
INSERT INTO [sch_mchn].[T_PRICING_RATE] ([CODE],[RATE],[FK_MACHINE_ID]) VALUES ('INC',20,(SELECT MACHINE_ID from [sch_mchn].[T_MACHINE_SPECIFICATION] WHERE CODE ='21099' AND START_DATETIME_SUBSCRIPTION_PERIOD='2023/01/01'))
INSERT INTO [sch_mchn].[T_PRICING_RATE] ([CODE],[RATE],[FK_MACHINE_ID]) VALUES ('INC',20,(SELECT MACHINE_ID from [sch_mchn].[T_MACHINE_SPECIFICATION] WHERE CODE ='06099' AND START_DATETIME_SUBSCRIPTION_PERIOD='2023/01/01'))
INSERT INTO [sch_mchn].[T_PRICING_RATE] ([CODE],[RATE],[FK_MACHINE_ID]) VALUES ('INC',20,(SELECT MACHINE_ID from [sch_mchn].[T_MACHINE_SPECIFICATION] WHERE CODE ='18099' AND START_DATETIME_SUBSCRIPTION_PERIOD='2023/01/01'))
INSERT INTO [sch_mchn].[T_PRICING_RATE] ([CODE],[RATE],[FK_MACHINE_ID]) VALUES ('INC',20,(SELECT MACHINE_ID from [sch_mchn].[T_MACHINE_SPECIFICATION] WHERE CODE ='26099' AND START_DATETIME_SUBSCRIPTION_PERIOD='2023/01/01'))
INSERT INTO [sch_mchn].[T_PRICING_RATE] ([CODE],[RATE],[FK_MACHINE_ID]) VALUES ('INC',20,(SELECT MACHINE_ID from [sch_mchn].[T_MACHINE_SPECIFICATION] WHERE CODE ='30099' AND START_DATETIME_SUBSCRIPTION_PERIOD='2023/01/01'))
INSERT INTO [sch_mchn].[T_PRICING_RATE] ([CODE],[RATE],[FK_MACHINE_ID]) VALUES ('INC',20,(SELECT MACHINE_ID from [sch_mchn].[T_MACHINE_SPECIFICATION] WHERE CODE ='74099' AND START_DATETIME_SUBSCRIPTION_PERIOD='2023/01/01'))
INSERT INTO [sch_mchn].[T_PRICING_RATE] ([CODE],[RATE],[FK_MACHINE_ID]) VALUES ('INC',20,(SELECT MACHINE_ID from [sch_mchn].[T_MACHINE_SPECIFICATION] WHERE CODE ='32099' AND START_DATETIME_SUBSCRIPTION_PERIOD='2023/01/01'))
INSERT INTO [sch_mchn].[T_PRICING_RATE] ([CODE],[RATE],[FK_MACHINE_ID]) VALUES ('INC',20,(SELECT MACHINE_ID from [sch_mchn].[T_MACHINE_SPECIFICATION] WHERE CODE ='72099' AND START_DATETIME_SUBSCRIPTION_PERIOD='2023/01/01'))
INSERT INTO [sch_mchn].[T_PRICING_RATE] ([CODE],[RATE],[FK_MACHINE_ID]) VALUES ('INC',20,(SELECT MACHINE_ID from [sch_mchn].[T_MACHINE_SPECIFICATION] WHERE CODE ='35099' AND START_DATETIME_SUBSCRIPTION_PERIOD='2023/01/01'))
INSERT INTO [sch_mchn].[T_PRICING_RATE] ([CODE],[RATE],[FK_MACHINE_ID]) VALUES ('INC',20,(SELECT MACHINE_ID from [sch_mchn].[T_MACHINE_SPECIFICATION] WHERE CODE ='33099' AND START_DATETIME_SUBSCRIPTION_PERIOD='2023/01/01'))
INSERT INTO [sch_mchn].[T_PRICING_RATE] ([CODE],[RATE],[FK_MACHINE_ID]) VALUES ('INC',20,(SELECT MACHINE_ID from [sch_mchn].[T_MACHINE_SPECIFICATION] WHERE CODE ='34099' AND START_DATETIME_SUBSCRIPTION_PERIOD='2023/01/01'))
INSERT INTO [sch_mchn].[T_PRICING_RATE] ([CODE],[RATE],[FK_MACHINE_ID]) VALUES ('INC',20,(SELECT MACHINE_ID from [sch_mchn].[T_MACHINE_SPECIFICATION] WHERE CODE ='36099' AND START_DATETIME_SUBSCRIPTION_PERIOD='2023/01/01'))
INSERT INTO [sch_mchn].[T_PRICING_RATE] ([CODE],[RATE],[FK_MACHINE_ID]) VALUES ('INC',10,(SELECT MACHINE_ID from [sch_mchn].[T_MACHINE_SPECIFICATION] WHERE CODE ='23099' AND START_DATETIME_SUBSCRIPTION_PERIOD='2023/01/01'))
INSERT INTO [sch_mchn].[T_PRICING_RATE] ([CODE],[RATE],[FK_MACHINE_ID]) VALUES ('INC',20,(SELECT MACHINE_ID from [sch_mchn].[T_MACHINE_SPECIFICATION] WHERE CODE ='22099' AND START_DATETIME_SUBSCRIPTION_PERIOD='2023/01/01'))
INSERT INTO [sch_mchn].[T_PRICING_RATE] ([CODE],[RATE],[FK_MACHINE_ID]) VALUES ('INC',20,(SELECT MACHINE_ID from [sch_mchn].[T_MACHINE_SPECIFICATION] WHERE CODE ='25099' AND START_DATETIME_SUBSCRIPTION_PERIOD='2023/01/01'))
INSERT INTO [sch_mchn].[T_PRICING_RATE] ([CODE],[RATE],[FK_MACHINE_ID]) VALUES ('INC',10,(SELECT MACHINE_ID from [sch_mchn].[T_MACHINE_SPECIFICATION] WHERE CODE ='76099' AND START_DATETIME_SUBSCRIPTION_PERIOD='2023/01/01'))
INSERT INTO [sch_mchn].[T_PRICING_RATE] ([CODE],[RATE],[FK_MACHINE_ID]) VALUES ('INC',10,(SELECT MACHINE_ID from [sch_mchn].[T_MACHINE_SPECIFICATION] WHERE CODE ='79099' AND START_DATETIME_SUBSCRIPTION_PERIOD='2023/01/01'))

INSERT INTO [sch_mchn].[T_PRICING_RATE] ([CODE],[RATE],[FK_MACHINE_ID]) VALUES ('VOL',05,(SELECT MACHINE_ID from [sch_mchn].[T_MACHINE_SPECIFICATION] WHERE CODE ='02099' AND START_DATETIME_SUBSCRIPTION_PERIOD='2023/01/01'))
INSERT INTO [sch_mchn].[T_PRICING_RATE] ([CODE],[RATE],[FK_MACHINE_ID]) VALUES ('VOL',05,(SELECT MACHINE_ID from [sch_mchn].[T_MACHINE_SPECIFICATION] WHERE CODE ='24099' AND START_DATETIME_SUBSCRIPTION_PERIOD='2023/01/01'))
INSERT INTO [sch_mchn].[T_PRICING_RATE] ([CODE],[RATE],[FK_MACHINE_ID]) VALUES ('VOL',05,(SELECT MACHINE_ID from [sch_mchn].[T_MACHINE_SPECIFICATION] WHERE CODE ='00099' AND START_DATETIME_SUBSCRIPTION_PERIOD='2023/01/01'))
INSERT INTO [sch_mchn].[T_PRICING_RATE] ([CODE],[RATE],[FK_MACHINE_ID]) VALUES ('VOL',05,(SELECT MACHINE_ID from [sch_mchn].[T_MACHINE_SPECIFICATION] WHERE CODE ='50099' AND START_DATETIME_SUBSCRIPTION_PERIOD='2023/01/01'))
INSERT INTO [sch_mchn].[T_PRICING_RATE] ([CODE],[RATE],[FK_MACHINE_ID]) VALUES ('VOL',05,(SELECT MACHINE_ID from [sch_mchn].[T_MACHINE_SPECIFICATION] WHERE CODE ='31099' AND START_DATETIME_SUBSCRIPTION_PERIOD='2023/01/01'))
INSERT INTO [sch_mchn].[T_PRICING_RATE] ([CODE],[RATE],[FK_MACHINE_ID]) VALUES ('VOL',20,(SELECT MACHINE_ID from [sch_mchn].[T_MACHINE_SPECIFICATION] WHERE CODE ='60099' AND START_DATETIME_SUBSCRIPTION_PERIOD='2023/01/01'))
INSERT INTO [sch_mchn].[T_PRICING_RATE] ([CODE],[RATE],[FK_MACHINE_ID]) VALUES ('VOL',20,(SELECT MACHINE_ID from [sch_mchn].[T_MACHINE_SPECIFICATION] WHERE CODE ='21099' AND START_DATETIME_SUBSCRIPTION_PERIOD='2023/01/01'))
INSERT INTO [sch_mchn].[T_PRICING_RATE] ([CODE],[RATE],[FK_MACHINE_ID]) VALUES ('VOL',20,(SELECT MACHINE_ID from [sch_mchn].[T_MACHINE_SPECIFICATION] WHERE CODE ='06099' AND START_DATETIME_SUBSCRIPTION_PERIOD='2023/01/01'))
INSERT INTO [sch_mchn].[T_PRICING_RATE] ([CODE],[RATE],[FK_MACHINE_ID]) VALUES ('VOL',05,(SELECT MACHINE_ID from [sch_mchn].[T_MACHINE_SPECIFICATION] WHERE CODE ='18099' AND START_DATETIME_SUBSCRIPTION_PERIOD='2023/01/01'))
INSERT INTO [sch_mchn].[T_PRICING_RATE] ([CODE],[RATE],[FK_MACHINE_ID]) VALUES ('VOL',05,(SELECT MACHINE_ID from [sch_mchn].[T_MACHINE_SPECIFICATION] WHERE CODE ='26099' AND START_DATETIME_SUBSCRIPTION_PERIOD='2023/01/01'))
INSERT INTO [sch_mchn].[T_PRICING_RATE] ([CODE],[RATE],[FK_MACHINE_ID]) VALUES ('VOL',05,(SELECT MACHINE_ID from [sch_mchn].[T_MACHINE_SPECIFICATION] WHERE CODE ='30099' AND START_DATETIME_SUBSCRIPTION_PERIOD='2023/01/01'))
INSERT INTO [sch_mchn].[T_PRICING_RATE] ([CODE],[RATE],[FK_MACHINE_ID]) VALUES ('VOL',05,(SELECT MACHINE_ID from [sch_mchn].[T_MACHINE_SPECIFICATION] WHERE CODE ='74099' AND START_DATETIME_SUBSCRIPTION_PERIOD='2023/01/01'))
INSERT INTO [sch_mchn].[T_PRICING_RATE] ([CODE],[RATE],[FK_MACHINE_ID]) VALUES ('VOL',05,(SELECT MACHINE_ID from [sch_mchn].[T_MACHINE_SPECIFICATION] WHERE CODE ='32099' AND START_DATETIME_SUBSCRIPTION_PERIOD='2023/01/01'))
INSERT INTO [sch_mchn].[T_PRICING_RATE] ([CODE],[RATE],[FK_MACHINE_ID]) VALUES ('VOL',05,(SELECT MACHINE_ID from [sch_mchn].[T_MACHINE_SPECIFICATION] WHERE CODE ='72099' AND START_DATETIME_SUBSCRIPTION_PERIOD='2023/01/01'))
INSERT INTO [sch_mchn].[T_PRICING_RATE] ([CODE],[RATE],[FK_MACHINE_ID]) VALUES ('VOL',05,(SELECT MACHINE_ID from [sch_mchn].[T_MACHINE_SPECIFICATION] WHERE CODE ='35099' AND START_DATETIME_SUBSCRIPTION_PERIOD='2023/01/01'))
INSERT INTO [sch_mchn].[T_PRICING_RATE] ([CODE],[RATE],[FK_MACHINE_ID]) VALUES ('VOL',05,(SELECT MACHINE_ID from [sch_mchn].[T_MACHINE_SPECIFICATION] WHERE CODE ='33099' AND START_DATETIME_SUBSCRIPTION_PERIOD='2023/01/01'))
INSERT INTO [sch_mchn].[T_PRICING_RATE] ([CODE],[RATE],[FK_MACHINE_ID]) VALUES ('VOL',05,(SELECT MACHINE_ID from [sch_mchn].[T_MACHINE_SPECIFICATION] WHERE CODE ='34099' AND START_DATETIME_SUBSCRIPTION_PERIOD='2023/01/01'))
INSERT INTO [sch_mchn].[T_PRICING_RATE] ([CODE],[RATE],[FK_MACHINE_ID]) VALUES ('VOL',05,(SELECT MACHINE_ID from [sch_mchn].[T_MACHINE_SPECIFICATION] WHERE CODE ='36099' AND START_DATETIME_SUBSCRIPTION_PERIOD='2023/01/01'))
INSERT INTO [sch_mchn].[T_PRICING_RATE] ([CODE],[RATE],[FK_MACHINE_ID]) VALUES ('VOL',05,(SELECT MACHINE_ID from [sch_mchn].[T_MACHINE_SPECIFICATION] WHERE CODE ='23099' AND START_DATETIME_SUBSCRIPTION_PERIOD='2023/01/01'))
INSERT INTO [sch_mchn].[T_PRICING_RATE] ([CODE],[RATE],[FK_MACHINE_ID]) VALUES ('VOL',05,(SELECT MACHINE_ID from [sch_mchn].[T_MACHINE_SPECIFICATION] WHERE CODE ='22099' AND START_DATETIME_SUBSCRIPTION_PERIOD='2023/01/01'))
INSERT INTO [sch_mchn].[T_PRICING_RATE] ([CODE],[RATE],[FK_MACHINE_ID]) VALUES ('VOL',05,(SELECT MACHINE_ID from [sch_mchn].[T_MACHINE_SPECIFICATION] WHERE CODE ='25099' AND START_DATETIME_SUBSCRIPTION_PERIOD='2023/01/01'))
INSERT INTO [sch_mchn].[T_PRICING_RATE] ([CODE],[RATE],[FK_MACHINE_ID]) VALUES ('VOL',05,(SELECT MACHINE_ID from [sch_mchn].[T_MACHINE_SPECIFICATION] WHERE CODE ='76099' AND START_DATETIME_SUBSCRIPTION_PERIOD='2023/01/01'))
INSERT INTO [sch_mchn].[T_PRICING_RATE] ([CODE],[RATE],[FK_MACHINE_ID]) VALUES ('VOL',05,(SELECT MACHINE_ID from [sch_mchn].[T_MACHINE_SPECIFICATION] WHERE CODE ='79099' AND START_DATETIME_SUBSCRIPTION_PERIOD='2023/01/01'))

INSERT INTO [sch_mchn].[T_PRICING_RATE] ([CODE],[RATE],[FK_MACHINE_ID]) VALUES ('BDI',30,(SELECT MACHINE_ID from [sch_mchn].[T_MACHINE_SPECIFICATION] WHERE CODE ='02099' AND START_DATETIME_SUBSCRIPTION_PERIOD='2023/01/01'))
INSERT INTO [sch_mchn].[T_PRICING_RATE] ([CODE],[RATE],[FK_MACHINE_ID]) VALUES ('BDI',60,(SELECT MACHINE_ID from [sch_mchn].[T_MACHINE_SPECIFICATION] WHERE CODE ='24099' AND START_DATETIME_SUBSCRIPTION_PERIOD='2023/01/01'))
INSERT INTO [sch_mchn].[T_PRICING_RATE] ([CODE],[RATE],[FK_MACHINE_ID]) VALUES ('BDI',30,(SELECT MACHINE_ID from [sch_mchn].[T_MACHINE_SPECIFICATION] WHERE CODE ='00099' AND START_DATETIME_SUBSCRIPTION_PERIOD='2023/01/01'))
INSERT INTO [sch_mchn].[T_PRICING_RATE] ([CODE],[RATE],[FK_MACHINE_ID]) VALUES ('BDI',60,(SELECT MACHINE_ID from [sch_mchn].[T_MACHINE_SPECIFICATION] WHERE CODE ='50099' AND START_DATETIME_SUBSCRIPTION_PERIOD='2023/01/01'))
INSERT INTO [sch_mchn].[T_PRICING_RATE] ([CODE],[RATE],[FK_MACHINE_ID]) VALUES ('BDI',60,(SELECT MACHINE_ID from [sch_mchn].[T_MACHINE_SPECIFICATION] WHERE CODE ='31099' AND START_DATETIME_SUBSCRIPTION_PERIOD='2023/01/01'))
INSERT INTO [sch_mchn].[T_PRICING_RATE] ([CODE],[RATE],[FK_MACHINE_ID]) VALUES ('BDI',10,(SELECT MACHINE_ID from [sch_mchn].[T_MACHINE_SPECIFICATION] WHERE CODE ='60099' AND START_DATETIME_SUBSCRIPTION_PERIOD='2023/01/01'))
INSERT INTO [sch_mchn].[T_PRICING_RATE] ([CODE],[RATE],[FK_MACHINE_ID]) VALUES ('BDI',10,(SELECT MACHINE_ID from [sch_mchn].[T_MACHINE_SPECIFICATION] WHERE CODE ='21099' AND START_DATETIME_SUBSCRIPTION_PERIOD='2023/01/01'))
INSERT INTO [sch_mchn].[T_PRICING_RATE] ([CODE],[RATE],[FK_MACHINE_ID]) VALUES ('BDI',10,(SELECT MACHINE_ID from [sch_mchn].[T_MACHINE_SPECIFICATION] WHERE CODE ='06099' AND START_DATETIME_SUBSCRIPTION_PERIOD='2023/01/01'))
INSERT INTO [sch_mchn].[T_PRICING_RATE] ([CODE],[RATE],[FK_MACHINE_ID]) VALUES ('BDI',60,(SELECT MACHINE_ID from [sch_mchn].[T_MACHINE_SPECIFICATION] WHERE CODE ='18099' AND START_DATETIME_SUBSCRIPTION_PERIOD='2023/01/01'))
INSERT INTO [sch_mchn].[T_PRICING_RATE] ([CODE],[RATE],[FK_MACHINE_ID]) VALUES ('BDI',60,(SELECT MACHINE_ID from [sch_mchn].[T_MACHINE_SPECIFICATION] WHERE CODE ='26099' AND START_DATETIME_SUBSCRIPTION_PERIOD='2023/01/01'))
INSERT INTO [sch_mchn].[T_PRICING_RATE] ([CODE],[RATE],[FK_MACHINE_ID]) VALUES ('BDI',60,(SELECT MACHINE_ID from [sch_mchn].[T_MACHINE_SPECIFICATION] WHERE CODE ='30099' AND START_DATETIME_SUBSCRIPTION_PERIOD='2023/01/01'))
INSERT INTO [sch_mchn].[T_PRICING_RATE] ([CODE],[RATE],[FK_MACHINE_ID]) VALUES ('BDI',60,(SELECT MACHINE_ID from [sch_mchn].[T_MACHINE_SPECIFICATION] WHERE CODE ='74099' AND START_DATETIME_SUBSCRIPTION_PERIOD='2023/01/01'))
INSERT INTO [sch_mchn].[T_PRICING_RATE] ([CODE],[RATE],[FK_MACHINE_ID]) VALUES ('BDI',60,(SELECT MACHINE_ID from [sch_mchn].[T_MACHINE_SPECIFICATION] WHERE CODE ='32099' AND START_DATETIME_SUBSCRIPTION_PERIOD='2023/01/01'))
INSERT INTO [sch_mchn].[T_PRICING_RATE] ([CODE],[RATE],[FK_MACHINE_ID]) VALUES ('BDI',60,(SELECT MACHINE_ID from [sch_mchn].[T_MACHINE_SPECIFICATION] WHERE CODE ='72099' AND START_DATETIME_SUBSCRIPTION_PERIOD='2023/01/01'))
INSERT INTO [sch_mchn].[T_PRICING_RATE] ([CODE],[RATE],[FK_MACHINE_ID]) VALUES ('BDI',60,(SELECT MACHINE_ID from [sch_mchn].[T_MACHINE_SPECIFICATION] WHERE CODE ='35099' AND START_DATETIME_SUBSCRIPTION_PERIOD='2023/01/01'))
INSERT INTO [sch_mchn].[T_PRICING_RATE] ([CODE],[RATE],[FK_MACHINE_ID]) VALUES ('BDI',60,(SELECT MACHINE_ID from [sch_mchn].[T_MACHINE_SPECIFICATION] WHERE CODE ='33099' AND START_DATETIME_SUBSCRIPTION_PERIOD='2023/01/01'))
INSERT INTO [sch_mchn].[T_PRICING_RATE] ([CODE],[RATE],[FK_MACHINE_ID]) VALUES ('BDI',60,(SELECT MACHINE_ID from [sch_mchn].[T_MACHINE_SPECIFICATION] WHERE CODE ='34099' AND START_DATETIME_SUBSCRIPTION_PERIOD='2023/01/01'))
INSERT INTO [sch_mchn].[T_PRICING_RATE] ([CODE],[RATE],[FK_MACHINE_ID]) VALUES ('BDI',60,(SELECT MACHINE_ID from [sch_mchn].[T_MACHINE_SPECIFICATION] WHERE CODE ='36099' AND START_DATETIME_SUBSCRIPTION_PERIOD='2023/01/01'))
INSERT INTO [sch_mchn].[T_PRICING_RATE] ([CODE],[RATE],[FK_MACHINE_ID]) VALUES ('BDI',30,(SELECT MACHINE_ID from [sch_mchn].[T_MACHINE_SPECIFICATION] WHERE CODE ='23099' AND START_DATETIME_SUBSCRIPTION_PERIOD='2023/01/01'))
INSERT INTO [sch_mchn].[T_PRICING_RATE] ([CODE],[RATE],[FK_MACHINE_ID]) VALUES ('BDI',60,(SELECT MACHINE_ID from [sch_mchn].[T_MACHINE_SPECIFICATION] WHERE CODE ='22099' AND START_DATETIME_SUBSCRIPTION_PERIOD='2023/01/01'))
INSERT INTO [sch_mchn].[T_PRICING_RATE] ([CODE],[RATE],[FK_MACHINE_ID]) VALUES ('BDI',60,(SELECT MACHINE_ID from [sch_mchn].[T_MACHINE_SPECIFICATION] WHERE CODE ='25099' AND START_DATETIME_SUBSCRIPTION_PERIOD='2023/01/01'))
INSERT INTO [sch_mchn].[T_PRICING_RATE] ([CODE],[RATE],[FK_MACHINE_ID]) VALUES ('BDI',30,(SELECT MACHINE_ID from [sch_mchn].[T_MACHINE_SPECIFICATION] WHERE CODE ='76099' AND START_DATETIME_SUBSCRIPTION_PERIOD='2023/01/01'))
INSERT INTO [sch_mchn].[T_PRICING_RATE] ([CODE],[RATE],[FK_MACHINE_ID]) VALUES ('BDI',30,(SELECT MACHINE_ID from [sch_mchn].[T_MACHINE_SPECIFICATION] WHERE CODE ='79099' AND START_DATETIME_SUBSCRIPTION_PERIOD='2023/01/01'))

INSERT INTO [sch_mchn].[T_PRICING_RATE] ([CODE],[RATE],[FK_MACHINE_ID]) VALUES ('ADE',55,(SELECT MACHINE_ID from [sch_mchn].[T_MACHINE_SPECIFICATION] WHERE CODE ='02099' AND START_DATETIME_SUBSCRIPTION_PERIOD='2023/01/01'))
INSERT INTO [sch_mchn].[T_PRICING_RATE] ([CODE],[RATE],[FK_MACHINE_ID]) VALUES ('ADE',15,(SELECT MACHINE_ID from [sch_mchn].[T_MACHINE_SPECIFICATION] WHERE CODE ='24099' AND START_DATETIME_SUBSCRIPTION_PERIOD='2023/01/01'))
INSERT INTO [sch_mchn].[T_PRICING_RATE] ([CODE],[RATE],[FK_MACHINE_ID]) VALUES ('ADE',55,(SELECT MACHINE_ID from [sch_mchn].[T_MACHINE_SPECIFICATION] WHERE CODE ='00099' AND START_DATETIME_SUBSCRIPTION_PERIOD='2023/01/01'))
INSERT INTO [sch_mchn].[T_PRICING_RATE] ([CODE],[RATE],[FK_MACHINE_ID]) VALUES ('ADE',15,(SELECT MACHINE_ID from [sch_mchn].[T_MACHINE_SPECIFICATION] WHERE CODE ='50099' AND START_DATETIME_SUBSCRIPTION_PERIOD='2023/01/01'))
INSERT INTO [sch_mchn].[T_PRICING_RATE] ([CODE],[RATE],[FK_MACHINE_ID]) VALUES ('ADE',15,(SELECT MACHINE_ID from [sch_mchn].[T_MACHINE_SPECIFICATION] WHERE CODE ='31099' AND START_DATETIME_SUBSCRIPTION_PERIOD='2023/01/01'))
INSERT INTO [sch_mchn].[T_PRICING_RATE] ([CODE],[RATE],[FK_MACHINE_ID]) VALUES ('ADE',50,(SELECT MACHINE_ID from [sch_mchn].[T_MACHINE_SPECIFICATION] WHERE CODE ='60099' AND START_DATETIME_SUBSCRIPTION_PERIOD='2023/01/01'))
INSERT INTO [sch_mchn].[T_PRICING_RATE] ([CODE],[RATE],[FK_MACHINE_ID]) VALUES ('ADE',50,(SELECT MACHINE_ID from [sch_mchn].[T_MACHINE_SPECIFICATION] WHERE CODE ='21099' AND START_DATETIME_SUBSCRIPTION_PERIOD='2023/01/01'))
INSERT INTO [sch_mchn].[T_PRICING_RATE] ([CODE],[RATE],[FK_MACHINE_ID]) VALUES ('ADE',50,(SELECT MACHINE_ID from [sch_mchn].[T_MACHINE_SPECIFICATION] WHERE CODE ='06099' AND START_DATETIME_SUBSCRIPTION_PERIOD='2023/01/01'))
INSERT INTO [sch_mchn].[T_PRICING_RATE] ([CODE],[RATE],[FK_MACHINE_ID]) VALUES ('ADE',15,(SELECT MACHINE_ID from [sch_mchn].[T_MACHINE_SPECIFICATION] WHERE CODE ='18099' AND START_DATETIME_SUBSCRIPTION_PERIOD='2023/01/01'))
INSERT INTO [sch_mchn].[T_PRICING_RATE] ([CODE],[RATE],[FK_MACHINE_ID]) VALUES ('ADE',15,(SELECT MACHINE_ID from [sch_mchn].[T_MACHINE_SPECIFICATION] WHERE CODE ='26099' AND START_DATETIME_SUBSCRIPTION_PERIOD='2023/01/01'))
INSERT INTO [sch_mchn].[T_PRICING_RATE] ([CODE],[RATE],[FK_MACHINE_ID]) VALUES ('ADE',15,(SELECT MACHINE_ID from [sch_mchn].[T_MACHINE_SPECIFICATION] WHERE CODE ='30099' AND START_DATETIME_SUBSCRIPTION_PERIOD='2023/01/01'))
INSERT INTO [sch_mchn].[T_PRICING_RATE] ([CODE],[RATE],[FK_MACHINE_ID]) VALUES ('ADE',15,(SELECT MACHINE_ID from [sch_mchn].[T_MACHINE_SPECIFICATION] WHERE CODE ='74099' AND START_DATETIME_SUBSCRIPTION_PERIOD='2023/01/01'))
INSERT INTO [sch_mchn].[T_PRICING_RATE] ([CODE],[RATE],[FK_MACHINE_ID]) VALUES ('ADE',15,(SELECT MACHINE_ID from [sch_mchn].[T_MACHINE_SPECIFICATION] WHERE CODE ='32099' AND START_DATETIME_SUBSCRIPTION_PERIOD='2023/01/01'))
INSERT INTO [sch_mchn].[T_PRICING_RATE] ([CODE],[RATE],[FK_MACHINE_ID]) VALUES ('ADE',15,(SELECT MACHINE_ID from [sch_mchn].[T_MACHINE_SPECIFICATION] WHERE CODE ='72099' AND START_DATETIME_SUBSCRIPTION_PERIOD='2023/01/01'))
INSERT INTO [sch_mchn].[T_PRICING_RATE] ([CODE],[RATE],[FK_MACHINE_ID]) VALUES ('ADE',15,(SELECT MACHINE_ID from [sch_mchn].[T_MACHINE_SPECIFICATION] WHERE CODE ='35099' AND START_DATETIME_SUBSCRIPTION_PERIOD='2023/01/01'))
INSERT INTO [sch_mchn].[T_PRICING_RATE] ([CODE],[RATE],[FK_MACHINE_ID]) VALUES ('ADE',15,(SELECT MACHINE_ID from [sch_mchn].[T_MACHINE_SPECIFICATION] WHERE CODE ='33099' AND START_DATETIME_SUBSCRIPTION_PERIOD='2023/01/01'))
INSERT INTO [sch_mchn].[T_PRICING_RATE] ([CODE],[RATE],[FK_MACHINE_ID]) VALUES ('ADE',15,(SELECT MACHINE_ID from [sch_mchn].[T_MACHINE_SPECIFICATION] WHERE CODE ='34099' AND START_DATETIME_SUBSCRIPTION_PERIOD='2023/01/01'))
INSERT INTO [sch_mchn].[T_PRICING_RATE] ([CODE],[RATE],[FK_MACHINE_ID]) VALUES ('ADE',15,(SELECT MACHINE_ID from [sch_mchn].[T_MACHINE_SPECIFICATION] WHERE CODE ='36099' AND START_DATETIME_SUBSCRIPTION_PERIOD='2023/01/01'))
INSERT INTO [sch_mchn].[T_PRICING_RATE] ([CODE],[RATE],[FK_MACHINE_ID]) VALUES ('ADE',55,(SELECT MACHINE_ID from [sch_mchn].[T_MACHINE_SPECIFICATION] WHERE CODE ='23099' AND START_DATETIME_SUBSCRIPTION_PERIOD='2023/01/01'))
INSERT INTO [sch_mchn].[T_PRICING_RATE] ([CODE],[RATE],[FK_MACHINE_ID]) VALUES ('ADE',15,(SELECT MACHINE_ID from [sch_mchn].[T_MACHINE_SPECIFICATION] WHERE CODE ='22099' AND START_DATETIME_SUBSCRIPTION_PERIOD='2023/01/01'))
INSERT INTO [sch_mchn].[T_PRICING_RATE] ([CODE],[RATE],[FK_MACHINE_ID]) VALUES ('ADE',15,(SELECT MACHINE_ID from [sch_mchn].[T_MACHINE_SPECIFICATION] WHERE CODE ='25099' AND START_DATETIME_SUBSCRIPTION_PERIOD='2023/01/01'))
INSERT INTO [sch_mchn].[T_PRICING_RATE] ([CODE],[RATE],[FK_MACHINE_ID]) VALUES ('ADE',55,(SELECT MACHINE_ID from [sch_mchn].[T_MACHINE_SPECIFICATION] WHERE CODE ='76099' AND START_DATETIME_SUBSCRIPTION_PERIOD='2023/01/01'))
INSERT INTO [sch_mchn].[T_PRICING_RATE] ([CODE],[RATE],[FK_MACHINE_ID]) VALUES ('ADE',55,(SELECT MACHINE_ID from [sch_mchn].[T_MACHINE_SPECIFICATION] WHERE CODE ='79099' AND START_DATETIME_SUBSCRIPTION_PERIOD='2023/01/01'))

